,final_legend,export_group,hersteller,modell,geometrie,nennstrom,technologie,phase,5% In,20% In,50% In,80% In,90% In,100% In,120% In,Preis (€),volumen
0,MBS 2025 12 04 1415-MBS-ASK101.4-2000A-8R1  | Parallel ,mes_2000A,MBS,ASK101.4,Parallel,2000,Standard,L1,"0,13","-0,22",,,,"-0,35","-0,43","43,67","733,2"
1,MBS 2025 12 04 1415-MBS-ASK101.4-2000A-8R1  | Parallel ,mes_2000A,MBS,ASK101.4,Parallel,2000,Standard,L2,"0,09","-0,14",,,,"-0,27","-0,36","43,67","733,2"
2,MBS 2025 12 04 1415-MBS-ASK101.4-2000A-8R1  | Parallel ,mes_2000A,MBS,ASK101.4,Parallel,2000,Standard,L3,"0,21","-0,06",,,,"-0,2","-0,22","43,67","733,2"
3,Celsa 2025 12 04 1506-Celsa-ALO 8030 K-2000A-8R1  | Parallel,mes_2000A,Celsa,ALO 8030 K,Parallel,2000,Kompensiert,L1,"0,13","-0,22",,,,"-0,35","-0,43","95,95","710,2"
4,Celsa 2025 12 04 1506-Celsa-ALO 8030 K-2000A-8R1  | Parallel,mes_2000A,Celsa,ALO 8030 K,Parallel,2000,Kompensiert,L2,"0,09","-0,14",,,,"-0,27","-0,35","95,95","710,2"
5,Celsa 2025 12 04 1506-Celsa-ALO 8030 K-2000A-8R1  | Parallel,mes_2000A,Celsa,ALO 8030 K,Parallel,2000,Kompensiert,L3,"0,21","-0,06",,,,"-0,2","-0,22","95,95","710,2"
6,Redur 2025 12 05 1020-Redur-13A1030.3ffp-2000A-8R1  | Parallel,mes_2000A,Redur,13A1030.3ffp,Parallel,2000,FFP,L1,"0,38","0,06",,,,"-0,08","-0,1","146,01","778,73"
7,Redur 2025 12 05 1020-Redur-13A1030.3ffp-2000A-8R1  | Parallel,mes_2000A,Redur,13A1030.3ffp,Parallel,2000,FFP,L2,"0,45","0,11",,,,"-0,03","-0,51","146,01","778,73"
8,Redur 2025 12 05 1020-Redur-13A1030.3ffp-2000A-8R1  | Parallel,mes_2000A,Redur,13A1030.3ffp,Parallel,2000,FFP,L3,"0,41","0,15",,,,"0,02","-0,01","146,01","778,73"
9,Celsa 2025 12 05 1356-Celsa-ALO 10030-2000A-1R35  | Parallel,mes_2000A,Celsa,ALO 10030,Parallel,2000,Standard,L1,"0,2","-0,07",,,,"-0,48","-2,67","45,5",634291
10,Celsa 2025 12 05 1356-Celsa-ALO 10030-2000A-1R35  | Parallel,mes_2000A,Celsa,ALO 10030,Parallel,2000,Standard,L2,"0,2","-0,01",,,,"-1,97","-4,24","45,5",634291
11,Celsa 2025 12 05 1356-Celsa-ALO 10030-2000A-1R35  | Parallel,mes_2000A,Celsa,ALO 10030,Parallel,2000,Standard,L3,"0,4","0,08",,,,"-0,43","-3,07","45,5",634291
12,Celsa 2025 12 08 0856-Celsa-ALO 10030-2000A-1R35  | Dreieck,mes_2000A,Celsa,ALO 10030,Dreieck,2000,Standard,L1,"0,18","-0,1",,,,"-0,27","-0,32","45,5",634291
13,Celsa 2025 12 08 0856-Celsa-ALO 10030-2000A-1R35  | Dreieck,mes_2000A,Celsa,ALO 10030,Dreieck,2000,Standard,L2,"0,53","-0,03",,,,"-0,21","-0,23","45,5",634291
14,Celsa 2025 12 08 0856-Celsa-ALO 10030-2000A-1R35  | Dreieck,mes_2000A,Celsa,ALO 10030,Dreieck,2000,Standard,L3,"0,48","0,07",,,,"-0,15","-0,76","45,5",634291
15,Celsa 2025 12 08 1026-Celsa-ALO 8030 K-2000A-8R1  | Dreieck,mes_2000A,Celsa,ALO 8030 K,Dreieck,2000,Kompensiert,L1,"0,11","-0,12",,,,"-0,31","-0,34","95,95","710,2"
16,Celsa 2025 12 08 1026-Celsa-ALO 8030 K-2000A-8R1  | Dreieck,mes_2000A,Celsa,ALO 8030 K,Dreieck,2000,Kompensiert,L2,"0,22","-0,13",,,,"-0,28","-0,3","95,95","710,2"
17,Celsa 2025 12 08 1026-Celsa-ALO 8030 K-2000A-8R1  | Dreieck,mes_2000A,Celsa,ALO 8030 K,Dreieck,2000,Kompensiert,L3,"0,23","-0,11",,,,"-0,25","-0,3","95,95","710,2"
18,MBS 2025 12 08 1121-MBS-ASK101.4-2000A-8R1  | Dreieck,mes_2000A,MBS,ASK101.4,Dreieck,2000,Standard,L1,"0,13","-0,1",,,,"-0,28","-0,31","43,67","733,2"
19,MBS 2025 12 08 1121-MBS-ASK101.4-2000A-8R1  | Dreieck,mes_2000A,MBS,ASK101.4,Dreieck,2000,Standard,L2,"-0,28","-0,25",,,,"-0,2","-0,23","43,67","733,2"
20,MBS 2025 12 08 1121-MBS-ASK101.4-2000A-8R1  | Dreieck,mes_2000A,MBS,ASK101.4,Dreieck,2000,Standard,L3,"0,02","-0,04",,,,"-0,16","-0,17","43,67","733,2"
21,Redur 2025 12 08 1219-Redur-13A1030.3ffp-2000A-8R1  | Dreieck,mes_2000A,Redur,13A1030.3ffp,Dreieck,2000,FFP,L1,"0,47","0,02",,,,"-0,12","-0,12","146,01","778,73"
22,Redur 2025 12 08 1219-Redur-13A1030.3ffp-2000A-8R1  | Dreieck,mes_2000A,Redur,13A1030.3ffp,Dreieck,2000,FFP,L2,"0,34","0,09",,,,"-0,09","-1,53","146,01","778,73"
23,Redur 2025 12 08 1219-Redur-13A1030.3ffp-2000A-8R1  | Dreieck,mes_2000A,Redur,13A1030.3ffp,Dreieck,2000,FFP,L3,"0,47","0,11",,,,"0,13","-0,07","146,01","778,73"
24,Celsa 2025 12 09 1030-Celsa-ALO 12070-3000A-10R8  | Dreieck,mes_3000A,Celsa,ALO 12070,Dreieck,3000,Standard,L1,"0,14","-0,17","-0,26","-0,31","-0,34","-0,39","-0,69","71,51",1520
25,Celsa 2025 12 09 1030-Celsa-ALO 12070-3000A-10R8  | Dreieck,mes_3000A,Celsa,ALO 12070,Dreieck,3000,Standard,L2,"0,2","-0,09","-0,17","-0,2","-0,2","-0,21","-0,23","71,51",1520
26,Celsa 2025 12 09 1030-Celsa-ALO 12070-3000A-10R8  | Dreieck,mes_3000A,Celsa,ALO 12070,Dreieck,3000,Standard,L3,"0,33","0,06","-0,05","-0,11","-0,14","-0,04","-0,02","71,51",1520
27,Celsa 2025 12 09 1332-Celsa-ALO 10050 K-2500A-2R8  | Dreieck,mes_2500A,Celsa,ALO 10050 K,Dreieck,2500,Kompensiert,L1,"-0,03","-0,19","-0,23","-0,26","-0,26","-0,28","-0,31","104,2",1027
28,Celsa 2025 12 09 1332-Celsa-ALO 10050 K-2500A-2R8  | Dreieck,mes_2500A,Celsa,ALO 10050 K,Dreieck,2500,Kompensiert,L2,"0,01","-0,14","-0,19","-0,22","-0,24","-0,28","-0,55","104,2",1027
29,Celsa 2025 12 09 1332-Celsa-ALO 10050 K-2500A-2R8  | Dreieck,mes_2500A,Celsa,ALO 10050 K,Dreieck,2500,Kompensiert,L3,"0,1","-0,08","-0,13","-0,17","-0,19","-0,23","-0,32","104,2",1027
30,Celsa 2025 12 09 1535-Celsa-ALO 10030-2500A-1R35  | Dreieck,mes_2500A,Celsa,ALO 10030,Dreieck,2500,Standard,L1,"0,16","-0,11","-0,25","-1,68","-3,34","-5,07","-8,28","45,5",634291
31,Celsa 2025 12 09 1535-Celsa-ALO 10030-2500A-1R35  | Dreieck,mes_2500A,Celsa,ALO 10030,Dreieck,2500,Standard,L2,"0,07","-0,2","-0,32","-1,57","-1,76","-1,83","-1,95","45,5",634291
32,Celsa 2025 12 09 1535-Celsa-ALO 10030-2500A-1R35  | Dreieck,mes_2500A,Celsa,ALO 10030,Dreieck,2500,Standard,L3,"0,18","-0,14","-0,26","-1,13","-2,23","-3,45","-5,44","45,5",634291
33,Celsa 2025 12 10 1009-Celsa-ALO 12070 K-3000A-10R8  | Dreieck,mes_3000A,Celsa,ALO 12070 K,Dreieck,3000,Kompensiert,L1,"0,27","-0,09","-0,17","-0,18","-0,16","-0,14","-0,08","346,06",1520
34,Celsa 2025 12 10 1009-Celsa-ALO 12070 K-3000A-10R8  | Dreieck,mes_3000A,Celsa,ALO 12070 K,Dreieck,3000,Kompensiert,L2,"0,3","0,02","-0,07","-0,11","-0,09","-0,07","0,1","346,06",1520
35,Celsa 2025 12 10 1009-Celsa-ALO 12070 K-3000A-10R8  | Dreieck,mes_3000A,Celsa,ALO 12070 K,Dreieck,3000,Kompensiert,L3,"0,34","0,15","0,14","0,17","-0,04","-0,05","-0,05","346,06",1520
36,Celsa 2025 12 10 1122-Celsa-ALO 12070 K-3000A-10R8  | Parallel,mes_3000A,Celsa,ALO 12070 K,Parallel,3000,Kompensiert,L1,"0,19","-0,07","-0,18","-0,17","-0,15","-0,12","-0,07","346,06",1520
37,Celsa 2025 12 10 1122-Celsa-ALO 12070 K-3000A-10R8  | Parallel,mes_3000A,Celsa,ALO 12070 K,Parallel,3000,Kompensiert,L2,"0,21","-0,01","-0,1","-0,07","0,02","0,27","0,93","346,06",1520
38,Celsa 2025 12 10 1122-Celsa-ALO 12070 K-3000A-10R8  | Parallel,mes_3000A,Celsa,ALO 12070 K,Parallel,3000,Kompensiert,L3,"0,35","0,11",0,"-0,03","-0,02","0,01","0,08","346,06",1520
39,Celsa 2025 12 10 1302-Celsa-ALO 12070-3000A-10R8  | Parallel,mes_3000A,Celsa,ALO 12070,Parallel,3000,Standard,L1,"0,27","-0,2","-0,23","-0,3","-0,35","-0,42","-1,02","71,51",1520
40,Celsa 2025 12 10 1302-Celsa-ALO 12070-3000A-10R8  | Parallel,mes_3000A,Celsa,ALO 12070,Parallel,3000,Standard,L2,"0,29","-0,09","-0,16","-1,08","-1,89","-2,92","-5,43","71,51",1520
41,Celsa 2025 12 10 1302-Celsa-ALO 12070-3000A-10R8  | Parallel,mes_3000A,Celsa,ALO 12070,Parallel,3000,Standard,L3,"0,25","-0,03","-0,1","-0,14","-0,15","-0,17","-0,91","71,51",1520
42,Celsa 2025 12 10 1533-Celsa-ALO 10050 K-2500A-2R8  | Parallel,mes_2500A,Celsa,ALO 10050 K,Parallel,2500,Kompensiert,L1,"0,08","-0,16","-0,23","-0,27","-0,31","-0,29","-0,33","104,2",1027
43,Celsa 2025 12 10 1533-Celsa-ALO 10050 K-2500A-2R8  | Parallel,mes_2500A,Celsa,ALO 10050 K,Parallel,2500,Kompensiert,L2,"0,25","-0,1","-0,19","-0,24","-0,3","-0,37","-1,01","104,2",1027
44,Celsa 2025 12 10 1533-Celsa-ALO 10050 K-2500A-2R8  | Parallel,mes_2500A,Celsa,ALO 10050 K,Parallel,2500,Kompensiert,L3,"0,23","-0,05","-0,14","-0,17","-0,2","-0,2","-0,26","104,2",1027
45,Celsa 2025 12 11 0812-Celsa-ALO 10030-2500A-1R35  | Parallel,mes_2500A,Celsa,ALO 10030,Parallel,2500,Standard,L1,"-0,06","-0,21","-0,65","-7,42","-10,06","-12,37","-16,24","45,5",634291
46,Celsa 2025 12 11 0812-Celsa-ALO 10030-2500A-1R35  | Parallel,mes_2500A,Celsa,ALO 10030,Parallel,2500,Standard,L2,"0,06","-0,12","-2,73","-11,57","-14,28","-16,62","-20,57","45,5",634291
47,Celsa 2025 12 11 0812-Celsa-ALO 10030-2500A-1R35  | Parallel,mes_2500A,Celsa,ALO 10030,Parallel,2500,Standard,L3,"0,18","0,03","-0,12","-5,35","-7,86","-10,1","-13,86","45,5",634291
48,Celsa 2025 12 16 0812-Celsa-ALO 12070 K-4000A-0R0  | Parallel,mes_4000A,Celsa,ALO 12070 K,Parallel,4000,Kompensiert,L1,"0,33","0,09","0,04","0,04","0,04","0,06","0,04","401,91",1520
49,Celsa 2025 12 16 0812-Celsa-ALO 12070 K-4000A-0R0  | Parallel,mes_4000A,Celsa,ALO 12070 K,Parallel,4000,Kompensiert,L2,"0,11","-0,11","-0,17","-0,17","-0,18","-0,2","-0,58","401,91",1520
50,Celsa 2025 12 16 0812-Celsa-ALO 12070 K-4000A-0R0  | Parallel,mes_4000A,Celsa,ALO 12070 K,Parallel,4000,Kompensiert,L3,"0,21","0,03","-0,04","-0,06","-0,06","-0,05","-0,03","401,91",1520
51,Celsa 2025 12 16 1020-Celsa-ALO 12070-4000A-0R0  | Parallel,mes_4000A,Celsa,ALO 12070,Parallel,4000,Standard,L1,"0,22","-0,03","-0,12","-0,14","-0,2","-0,7","-3,21","71,51",1520
52,Celsa 2025 12 16 1020-Celsa-ALO 12070-4000A-0R0  | Parallel,mes_4000A,Celsa,ALO 12070,Parallel,4000,Standard,L2,"0,14","-0,07","-0,12","-0,95","-2,03","-3,28","-5,86","71,51",1520
53,Celsa 2025 12 16 1020-Celsa-ALO 12070-4000A-0R0  | Parallel,mes_4000A,Celsa,ALO 12070,Parallel,4000,Standard,L3,"0,11","-0,12","-0,16","-0,2","-0,36","-1,22","-3,84","71,51",1520
54,Celsa 2025 12 16 1140-Celsa-ALO 12070-4000A-0R0  | Dreieck,mes_4000A,Celsa,ALO 12070,Dreieck,4000,Standard,L1,"0,25","-0,04","-0,12","-0,14","-0,16","-0,23","-1,49","71,51",1520
55,Celsa 2025 12 16 1140-Celsa-ALO 12070-4000A-0R0  | Dreieck,mes_4000A,Celsa,ALO 12070,Dreieck,4000,Standard,L2,"0,15","-0,09","-0,13","-0,15","-0,14","-0,15","0,29","71,51",1520
56,Celsa 2025 12 16 1140-Celsa-ALO 12070-4000A-0R0  | Dreieck,mes_4000A,Celsa,ALO 12070,Dreieck,4000,Standard,L3,"0,08","-0,11","-0,17","-0,19","-0,21","-0,3","-1,71","71,51",1520
57,Celsa 2025 12 16 1315-Celsa-ALO 12070 K-4000A-0R0  | Dreieck,mes_4000A,Celsa,ALO 12070 K,Dreieck,4000,Kompensiert,L1,"0,42","0,12","0,05","0,04","0,04","0,06","0,08","401,91",1520
58,Celsa 2025 12 16 1315-Celsa-ALO 12070 K-4000A-0R0  | Dreieck,mes_4000A,Celsa,ALO 12070 K,Dreieck,4000,Kompensiert,L2,"0,11","-0,07","-0,16","-0,19","-0,19","-0,2","-0,65","401,91",1520
59,Celsa 2025 12 16 1315-Celsa-ALO 12070 K-4000A-0R0  | Dreieck,mes_4000A,Celsa,ALO 12070 K,Dreieck,4000,Kompensiert,L3,"0,27","0,04","-0,03","-0,07","-0,07","-0,07","-0,06","401,91",1520
60,"Celsa ALO 12070 | 3000 A | Referenzlast 10,8 Ω",mes_3000A_buerde,Celsa,ALO 12070,Parallel,3000,"Referenzlast 10,8 Ω",L1,"0,27","-0,19","-0,23","-0,3","-0,35","-0,42","-1,02","71,51",1520
61,"Celsa ALO 12070 | 3000 A | Referenzlast 10,8 Ω",mes_3000A_buerde,Celsa,ALO 12070,Parallel,3000,"Referenzlast 10,8 Ω",L2,"0,28","-0,09","-0,16","-1,08","-1,89","-2,92","-5,43","71,51",1520
62,"Celsa ALO 12070 | 3000 A | Referenzlast 10,8 Ω",mes_3000A_buerde,Celsa,ALO 12070,Parallel,3000,"Referenzlast 10,8 Ω",L3,"0,25","-0,03","-0,1","-0,14","-0,15","-0,17","-0,91","71,51",1520
63,Celsa ALO 12070 | 3000 A | Asymmetrische Last (L2 = 0 Ω),mes_3000A_buerde,Celsa,ALO 12070,Parallel,3000,Asymmetrische Last (L2 = 0 Ω),L1,"0,06","-0,16","-0,23","-0,31","-0,35","-0,42","-1,04","71,51",1520
64,Celsa ALO 12070 | 3000 A | Asymmetrische Last (L2 = 0 Ω),mes_3000A_buerde,Celsa,ALO 12070,Parallel,3000,Asymmetrische Last (L2 = 0 Ω),L2,"0,19","-0,06","-0,13","-0,82","-1,8","-3,04","-5,68","71,51",1520
65,Celsa ALO 12070 | 3000 A | Asymmetrische Last (L2 = 0 Ω),mes_3000A_buerde,Celsa,ALO 12070,Parallel,3000,Asymmetrische Last (L2 = 0 Ω),L3,"0,27","-0,02","-0,11","-0,14","-0,15","-0,16","-0,73","71,51",1520
66,Celsa ALO 12070 | 3000 A | Minimallast 0 Ω,mes_3000A_buerde,Celsa,ALO 12070,Parallel,3000,Minimallast 0 Ω,L1,"0,08","-0,13","-0,22","-0,28","-0,32","-0,4","-1,86","71,51",1520
67,Celsa ALO 12070 | 3000 A | Minimallast 0 Ω,mes_3000A_buerde,Celsa,ALO 12070,Parallel,3000,Minimallast 0 Ω,L2,"0,17","-0,04","-0,13","-0,6","-1,41","-2,54","-5,11","71,51",1520
68,Celsa ALO 12070 | 3000 A | Minimallast 0 Ω,mes_3000A_buerde,Celsa,ALO 12070,Parallel,3000,Minimallast 0 Ω,L3,"0,3","0,05","-0,05","-0,09","-0,1","-0,12","-0,43","71,51",1520
69,"Redur 13A1030.3ffp | 2000 A | 8,1 Ω | Parallel",mes_2000A_buerde,Redur,13A1030.3ffp,Parallel,2000,"Referenzlast 8,1 Ω",L1,"0,38","0,06",,,,"-0,08","-0,1","146,01","778,73"
70,"Redur 13A1030.3ffp | 2000 A | 8,1 Ω | Parallel",mes_2000A_buerde,Redur,13A1030.3ffp,Parallel,2000,"Referenzlast 8,1 Ω",L2,"0,45","0,11",,,,"-0,03","-0,51","146,01","778,73"
71,"Redur 13A1030.3ffp | 2000 A | 8,1 Ω | Parallel",mes_2000A_buerde,Redur,13A1030.3ffp,Parallel,2000,"Referenzlast 8,1 Ω",L3,"0,41","0,15",,,,"0,02","-0,01","146,01","778,73"
72,Redur 2025 12 05 1057-Redur-13A1030.3ffp-2000A-0R0 | PAC2 | Parallel (2000A),mes_2000A_buerde,Redur,13A1030.3ffp,Parallel,2000,"Minimallast 0,0 Ω",L1,"0,66","0,16",,,,"-0,01","-0,02","146,01","778,73"
73,Redur 2025 12 05 1057-Redur-13A1030.3ffp-2000A-0R0 | PAC2 | Parallel (2000A),mes_2000A_buerde,Redur,13A1030.3ffp,Parallel,2000,"Minimallast 0,0 Ω",L2,"0,67","0,27",,,,"0,06","0,04","146,01","778,73"
74,Redur 2025 12 05 1057-Redur-13A1030.3ffp-2000A-0R0 | PAC2 | Parallel (2000A),mes_2000A_buerde,Redur,13A1030.3ffp,Parallel,2000,"Minimallast 0,0 Ω",L3,"0,63","0,26",,,,"0,09","0,07","146,01","778,73"
75,"Redur 13A1030.3ffp | 2000 A | 8,1 Ω | Dreieck",mes_2000A_buerde,Redur,13A1030.3ffp,Dreieck,2000,"Referenzlast 8,1 Ω",L1,"0,47","0,02",,,,"-0,12","-0,12","146,01","778,73"
76,"Redur 13A1030.3ffp | 2000 A | 8,1 Ω | Dreieck",mes_2000A_buerde,Redur,13A1030.3ffp,Dreieck,2000,"Referenzlast 8,1 Ω",L2,"0,34","0,09",,,,"-0,09","-1,53","146,01","778,73"
77,"Redur 13A1030.3ffp | 2000 A | 8,1 Ω | Dreieck",mes_2000A_buerde,Redur,13A1030.3ffp,Dreieck,2000,"Referenzlast 8,1 Ω",L3,"0,47","0,11",,,,"0,13","-0,07","146,01","778,73"
78,Redur 2025 12 08 1305-Redur-13A1030.3ffp-2000A-0R0 | PAC2 | Dreieck (2000A),mes_2000A_buerde,Redur,13A1030.3ffp,Dreieck,2000,"Minimallast 0,0 Ω",L1,"0,39","0,12",,,,"-0,03","-0,04","146,01","778,73"
79,Redur 2025 12 08 1305-Redur-13A1030.3ffp-2000A-0R0 | PAC2 | Dreieck (2000A),mes_2000A_buerde,Redur,13A1030.3ffp,Dreieck,2000,"Minimallast 0,0 Ω",L2,"0,51","0,19",,,,"0,03","-0,27","146,01","778,73"
80,Redur 2025 12 08 1305-Redur-13A1030.3ffp-2000A-0R0 | PAC2 | Dreieck (2000A),mes_2000A_buerde,Redur,13A1030.3ffp,Dreieck,2000,"Minimallast 0,0 Ω",L3,"0,69","0,22",,,,"0,1","0,08","146,01","778,73"
81,"K-3 | Celsa ICG 6000/5 Kl. 0,2S",mes_messstrecke_alt,3-K Elektrik,DMI30 05-V01,Referenz,4000,Messumformer,L1,"-0,2","-0,3","0,63","0,62","0,67","0,64","0,69",1,1
82,"K-3 | Celsa ICG 6000/5 Kl. 0,2S",mes_messstrecke_alt,3-K Elektrik,DMI30 05-V01,Referenz,4000,Messumformer,L2,"-4,4","-1,54","-0,43","-0,27","-0,19","-0,19","-0,11",1,1
83,"K-3 | Celsa ICG 6000/5 Kl. 0,2S",mes_messstrecke_alt,3-K Elektrik,DMI30 05-V01,Referenz,4000,Messumformer,L3,"-6,67","-2,68","-0,81","-0,44","-0,35","-0,31","-0,25",1,1
84,"Rogowski-Spulen | Kl. 0,2",mes_messstrecke_alt,MBS,FASK-100,Referenz,4000,Rogowskispule,L1,"-2,64","-0,88","-0,86","-0,87","-0,82","-0,82","-0,8",1,1
85,"Rogowski-Spulen | Kl. 0,2",mes_messstrecke_alt,MBS,FASK-100,Referenz,4000,Rogowskispule,L2,"2,95","1,97","1,24","1,13","1,02","1,77","5,23",1,1
86,"Rogowski-Spulen | Kl. 0,2",mes_messstrecke_alt,MBS,FASK-100,Referenz,4000,Rogowskispule,L3,"-2,64","-0,88","-0,86","-0,87","-0,82","-0,82","-0,8",1,1
87,"K-3 | Celsa ICG 6000/5 Kl. 0,2S",mes_messstrecke_neu,3-K Elektrik,DMI30 05-V01,Referenz,4000,Messumformer,L1,"-0,2","-0,3","0,63","0,62","0,67","0,64","0,69",1,1
88,"K-3 | Celsa ICG 6000/5 Kl. 0,2S",mes_messstrecke_neu,3-K Elektrik,DMI30 05-V01,Referenz,4000,Messumformer,L2,"-4,4","-1,54","-0,43","-0,27","-0,19","-0,19","-0,11",1,1
89,"K-3 | Celsa ICG 6000/5 Kl. 0,2S",mes_messstrecke_neu,3-K Elektrik,DMI30 05-V01,Referenz,4000,Messumformer,L3,"-6,67","-2,68","-0,81","-0,44","-0,35","-0,31","-0,25",1,1
90,"PAC 4220 | Celsa ICG 6000/5 Kl. 0,2S",mes_messstrecke_neu,Siemens,PAC 4220,Referenz,4000,Energiemessgerät,L1,"0,27","0,16","0,04","-0,03","0,01","-0,02","-0,01",1,1
91,"PAC 4220 | Celsa ICG 6000/5 Kl. 0,2S",mes_messstrecke_neu,Siemens,PAC 4220,Referenz,4000,Energiemessgerät,L2,"-0,84","0,06",0,"-0,02","0,04","0,01","0,05",1,1
92,"PAC 4220 | Celsa ICG 6000/5 Kl. 0,2S",mes_messstrecke_neu,Siemens,PAC 4220,Referenz,4000,Energiemessgerät,L3,"0,84","0,06","-0,03","-0,02","0,01","0,02","-0,01",1,1
93,"Rogowski-Spulen | Kl. 0,2",mes_messstrecke_neu,MBS,FASK-100,Referenz,4000,Rogowskispule,L1,"-2,64","-0,88","-0,86","-0,87","-0,82","-0,82","-0,8",1,1
94,"Rogowski-Spulen | Kl. 0,2",mes_messstrecke_neu,MBS,FASK-100,Referenz,4000,Rogowskispule,L2,"2,95","1,97","1,24","1,13","1,02","1,77","5,23",1,1
95,"Rogowski-Spulen | Kl. 0,2",mes_messstrecke_neu,MBS,FASK-100,Referenz,4000,Rogowskispule,L3,"-2,64","-0,88","-0,86","-0,87","-0,82","-0,82","-0,8",1,1
96,MBS 2025 12 04 1415-MBS-ASK101.4-2000A-8R1  | Parallel ,mes_gesamt,MBS,ASK101.4,Parallel,2000,Standard,L1,"0,13","-0,22",,,,"-0,35","-0,43","43,67","733,2"
97,MBS 2025 12 04 1415-MBS-ASK101.4-2000A-8R1  | Parallel ,mes_gesamt,MBS,ASK101.4,Parallel,2000,Standard,L2,"0,09","-0,14",,,,"-0,27","-0,36","43,67","733,2"
98,MBS 2025 12 04 1415-MBS-ASK101.4-2000A-8R1  | Parallel ,mes_gesamt,MBS,ASK101.4,Parallel,2000,Standard,L3,"0,21","-0,06",,,,"-0,2","-0,22","43,67","733,2"
99,Celsa 2025 12 04 1506-Celsa-ALO 8030 K-2000A-8R1  | Parallel,mes_gesamt,Celsa,ALO 8030 K,Parallel,2000,Kompensiert,L1,"0,13","-0,22",,,,"-0,35","-0,43","95,95","710,2"
100,Celsa 2025 12 04 1506-Celsa-ALO 8030 K-2000A-8R1  | Parallel,mes_gesamt,Celsa,ALO 8030 K,Parallel,2000,Kompensiert,L2,"0,09","-0,14",,,,"-0,27","-0,35","95,95","710,2"
101,Celsa 2025 12 04 1506-Celsa-ALO 8030 K-2000A-8R1  | Parallel,mes_gesamt,Celsa,ALO 8030 K,Parallel,2000,Kompensiert,L3,"0,21","-0,06",,,,"-0,2","-0,22","95,95","710,2"
102,Redur 2025 12 05 1020-Redur-13A1030.3ffp-2000A-8R1  | Parallel,mes_gesamt,Redur,13A1030.3ffp,Parallel,2000,FFP,L1,"0,38","0,06",,,,"-0,08","-0,1","146,01","778,73"
103,Redur 2025 12 05 1020-Redur-13A1030.3ffp-2000A-8R1  | Parallel,mes_gesamt,Redur,13A1030.3ffp,Parallel,2000,FFP,L2,"0,45","0,11",,,,"-0,03","-0,51","146,01","778,73"
104,Redur 2025 12 05 1020-Redur-13A1030.3ffp-2000A-8R1  | Parallel,mes_gesamt,Redur,13A1030.3ffp,Parallel,2000,FFP,L3,"0,41","0,15",,,,"0,02","-0,01","146,01","778,73"
105,Celsa 2025 12 05 1356-Celsa-ALO 10030-2000A-1R35  | Parallel,mes_gesamt,Celsa,ALO 10030,Parallel,2000,Standard,L1,"0,2","-0,07",,,,"-0,48","-2,67","45,5",634291
106,Celsa 2025 12 05 1356-Celsa-ALO 10030-2000A-1R35  | Parallel,mes_gesamt,Celsa,ALO 10030,Parallel,2000,Standard,L2,"0,2","-0,01",,,,"-1,97","-4,24","45,5",634291
107,Celsa 2025 12 05 1356-Celsa-ALO 10030-2000A-1R35  | Parallel,mes_gesamt,Celsa,ALO 10030,Parallel,2000,Standard,L3,"0,4","0,08",,,,"-0,43","-3,07","45,5",634291
108,Celsa 2025 12 08 0856-Celsa-ALO 10030-2000A-1R35  | Dreieck,mes_gesamt,Celsa,ALO 10030,Dreieck,2000,Standard,L1,"0,18","-0,1",,,,"-0,27","-0,32","45,5",634291
109,Celsa 2025 12 08 0856-Celsa-ALO 10030-2000A-1R35  | Dreieck,mes_gesamt,Celsa,ALO 10030,Dreieck,2000,Standard,L2,"0,53","-0,03",,,,"-0,21","-0,23","45,5",634291
110,Celsa 2025 12 08 0856-Celsa-ALO 10030-2000A-1R35  | Dreieck,mes_gesamt,Celsa,ALO 10030,Dreieck,2000,Standard,L3,"0,48","0,07",,,,"-0,15","-0,76","45,5",634291
111,Celsa 2025 12 08 1026-Celsa-ALO 8030 K-2000A-8R1  | Dreieck,mes_gesamt,Celsa,ALO 8030 K,Dreieck,2000,Kompensiert,L1,"0,11","-0,12",,,,"-0,31","-0,34","95,95","710,2"
112,Celsa 2025 12 08 1026-Celsa-ALO 8030 K-2000A-8R1  | Dreieck,mes_gesamt,Celsa,ALO 8030 K,Dreieck,2000,Kompensiert,L2,"0,22","-0,13",,,,"-0,28","-0,3","95,95","710,2"
113,Celsa 2025 12 08 1026-Celsa-ALO 8030 K-2000A-8R1  | Dreieck,mes_gesamt,Celsa,ALO 8030 K,Dreieck,2000,Kompensiert,L3,"0,23","-0,11",,,,"-0,25","-0,3","95,95","710,2"
114,MBS 2025 12 08 1121-MBS-ASK101.4-2000A-8R1  | Dreieck,mes_gesamt,MBS,ASK101.4,Dreieck,2000,Standard,L1,"0,13","-0,1",,,,"-0,28","-0,31","43,67","733,2"
115,MBS 2025 12 08 1121-MBS-ASK101.4-2000A-8R1  | Dreieck,mes_gesamt,MBS,ASK101.4,Dreieck,2000,Standard,L2,"-0,28","-0,25",,,,"-0,2","-0,23","43,67","733,2"
116,MBS 2025 12 08 1121-MBS-ASK101.4-2000A-8R1  | Dreieck,mes_gesamt,MBS,ASK101.4,Dreieck,2000,Standard,L3,"0,02","-0,04",,,,"-0,16","-0,17","43,67","733,2"
117,Redur 2025 12 08 1219-Redur-13A1030.3ffp-2000A-8R1  | Dreieck,mes_gesamt,Redur,13A1030.3ffp,Dreieck,2000,FFP,L1,"0,47","0,02",,,,"-0,12","-0,12","146,01","778,73"
118,Redur 2025 12 08 1219-Redur-13A1030.3ffp-2000A-8R1  | Dreieck,mes_gesamt,Redur,13A1030.3ffp,Dreieck,2000,FFP,L2,"0,34","0,09",,,,"-0,09","-1,53","146,01","778,73"
119,Redur 2025 12 08 1219-Redur-13A1030.3ffp-2000A-8R1  | Dreieck,mes_gesamt,Redur,13A1030.3ffp,Dreieck,2000,FFP,L3,"0,47","0,11",,,,"0,13","-0,07","146,01","778,73"
120,Celsa 2025 12 09 1030-Celsa-ALO 12070-3000A-10R8  | Dreieck,mes_gesamt,Celsa,ALO 12070,Dreieck,3000,Standard,L1,"0,14","-0,17","-0,26","-0,31","-0,34","-0,39","-0,69","71,51",1520
121,Celsa 2025 12 09 1030-Celsa-ALO 12070-3000A-10R8  | Dreieck,mes_gesamt,Celsa,ALO 12070,Dreieck,3000,Standard,L2,"0,2","-0,09","-0,17","-0,2","-0,2","-0,21","-0,23","71,51",1520
122,Celsa 2025 12 09 1030-Celsa-ALO 12070-3000A-10R8  | Dreieck,mes_gesamt,Celsa,ALO 12070,Dreieck,3000,Standard,L3,"0,33","0,06","-0,05","-0,11","-0,14","-0,04","-0,02","71,51",1520
123,Celsa 2025 12 09 1332-Celsa-ALO 10050 K-2500A-2R8  | Dreieck,mes_gesamt,Celsa,ALO 10050 K,Dreieck,2500,Kompensiert,L1,"-0,03","-0,19","-0,23","-0,26","-0,26","-0,28","-0,31","104,2",1027
124,Celsa 2025 12 09 1332-Celsa-ALO 10050 K-2500A-2R8  | Dreieck,mes_gesamt,Celsa,ALO 10050 K,Dreieck,2500,Kompensiert,L2,"0,01","-0,14","-0,19","-0,22","-0,24","-0,28","-0,55","104,2",1027
125,Celsa 2025 12 09 1332-Celsa-ALO 10050 K-2500A-2R8  | Dreieck,mes_gesamt,Celsa,ALO 10050 K,Dreieck,2500,Kompensiert,L3,"0,1","-0,08","-0,13","-0,17","-0,19","-0,23","-0,32","104,2",1027
126,Celsa 2025 12 09 1535-Celsa-ALO 10030-2500A-1R35  | Dreieck,mes_gesamt,Celsa,ALO 10030,Dreieck,2500,Standard,L1,"0,16","-0,11","-0,25","-1,68","-3,34","-5,07","-8,28","45,5",634291
127,Celsa 2025 12 09 1535-Celsa-ALO 10030-2500A-1R35  | Dreieck,mes_gesamt,Celsa,ALO 10030,Dreieck,2500,Standard,L2,"0,07","-0,2","-0,32","-1,57","-1,76","-1,83","-1,95","45,5",634291
128,Celsa 2025 12 09 1535-Celsa-ALO 10030-2500A-1R35  | Dreieck,mes_gesamt,Celsa,ALO 10030,Dreieck,2500,Standard,L3,"0,18","-0,14","-0,26","-1,13","-2,23","-3,45","-5,44","45,5",634291
129,Celsa 2025 12 10 1009-Celsa-ALO 12070 K-3000A-10R8  | Dreieck,mes_gesamt,Celsa,ALO 12070 K,Dreieck,3000,Kompensiert,L1,"0,27","-0,09","-0,17","-0,18","-0,16","-0,14","-0,08","346,06",1520
130,Celsa 2025 12 10 1009-Celsa-ALO 12070 K-3000A-10R8  | Dreieck,mes_gesamt,Celsa,ALO 12070 K,Dreieck,3000,Kompensiert,L2,"0,3","0,02","-0,07","-0,11","-0,09","-0,07","0,1","346,06",1520
131,Celsa 2025 12 10 1009-Celsa-ALO 12070 K-3000A-10R8  | Dreieck,mes_gesamt,Celsa,ALO 12070 K,Dreieck,3000,Kompensiert,L3,"0,34","0,15","0,14","0,17","-0,04","-0,05","-0,05","346,06",1520
132,Celsa 2025 12 10 1122-Celsa-ALO 12070 K-3000A-10R8  | Parallel,mes_gesamt,Celsa,ALO 12070 K,Parallel,3000,Kompensiert,L1,"0,19","-0,07","-0,18","-0,17","-0,15","-0,12","-0,07","346,06",1520
133,Celsa 2025 12 10 1122-Celsa-ALO 12070 K-3000A-10R8  | Parallel,mes_gesamt,Celsa,ALO 12070 K,Parallel,3000,Kompensiert,L2,"0,21","-0,01","-0,1","-0,07","0,02","0,27","0,93","346,06",1520
134,Celsa 2025 12 10 1122-Celsa-ALO 12070 K-3000A-10R8  | Parallel,mes_gesamt,Celsa,ALO 12070 K,Parallel,3000,Kompensiert,L3,"0,35","0,11",0,"-0,03","-0,02","0,01","0,08","346,06",1520
135,Celsa 2025 12 10 1302-Celsa-ALO 12070-3000A-10R8  | Parallel,mes_gesamt,Celsa,ALO 12070,Parallel,3000,Standard,L1,"0,27","-0,2","-0,23","-0,3","-0,35","-0,42","-1,02","71,51",1520
136,Celsa 2025 12 10 1302-Celsa-ALO 12070-3000A-10R8  | Parallel,mes_gesamt,Celsa,ALO 12070,Parallel,3000,Standard,L2,"0,29","-0,09","-0,16","-1,08","-1,89","-2,92","-5,43","71,51",1520
137,Celsa 2025 12 10 1302-Celsa-ALO 12070-3000A-10R8  | Parallel,mes_gesamt,Celsa,ALO 12070,Parallel,3000,Standard,L3,"0,25","-0,03","-0,1","-0,14","-0,15","-0,17","-0,91","71,51",1520
138,Celsa 2025 12 10 1533-Celsa-ALO 10050 K-2500A-2R8  | Parallel,mes_gesamt,Celsa,ALO 10050 K,Parallel,2500,Kompensiert,L1,"0,08","-0,16","-0,23","-0,27","-0,31","-0,29","-0,33","104,2",1027
139,Celsa 2025 12 10 1533-Celsa-ALO 10050 K-2500A-2R8  | Parallel,mes_gesamt,Celsa,ALO 10050 K,Parallel,2500,Kompensiert,L2,"0,25","-0,1","-0,19","-0,24","-0,3","-0,37","-1,01","104,2",1027
140,Celsa 2025 12 10 1533-Celsa-ALO 10050 K-2500A-2R8  | Parallel,mes_gesamt,Celsa,ALO 10050 K,Parallel,2500,Kompensiert,L3,"0,23","-0,05","-0,14","-0,17","-0,2","-0,2","-0,26","104,2",1027
141,Celsa 2025 12 11 0812-Celsa-ALO 10030-2500A-1R35  | Parallel,mes_gesamt,Celsa,ALO 10030,Parallel,2500,Standard,L1,"-0,06","-0,21","-0,65","-7,42","-10,06","-12,37","-16,24","45,5",634291
142,Celsa 2025 12 11 0812-Celsa-ALO 10030-2500A-1R35  | Parallel,mes_gesamt,Celsa,ALO 10030,Parallel,2500,Standard,L2,"0,06","-0,12","-2,73","-11,57","-14,28","-16,62","-20,57","45,5",634291
143,Celsa 2025 12 11 0812-Celsa-ALO 10030-2500A-1R35  | Parallel,mes_gesamt,Celsa,ALO 10030,Parallel,2500,Standard,L3,"0,18","0,03","-0,12","-5,35","-7,86","-10,1","-13,86","45,5",634291
144,Celsa 2025 12 11 1000-Celsa-ALO 12070-3000A-0R0  | Parallel,mes_gesamt,Celsa,ALO 12070,Parallel,3000,Standard,L1,"0,08","-0,13","-0,22","-0,28","-0,32","-0,4","-1,86","71,51",1520
145,Celsa 2025 12 11 1000-Celsa-ALO 12070-3000A-0R0  | Parallel,mes_gesamt,Celsa,ALO 12070,Parallel,3000,Standard,L2,"0,17","-0,04","-0,13","-0,6","-1,42","-2,54","-5,11","71,51",1520
146,Celsa 2025 12 11 1000-Celsa-ALO 12070-3000A-0R0  | Parallel,mes_gesamt,Celsa,ALO 12070,Parallel,3000,Standard,L3,"0,3","0,05","-0,05","-0,09","-0,1","-0,12","-0,43","71,51",1520
147,Celsa 2025 12 16 0812-Celsa-ALO 12070 K-4000A-0R0  | Parallel,mes_gesamt,Celsa,ALO 12070 K,Parallel,4000,Kompensiert,L1,"0,33","0,09","0,04","0,04","0,04","0,06","0,04","401,91",1520
148,Celsa 2025 12 16 0812-Celsa-ALO 12070 K-4000A-0R0  | Parallel,mes_gesamt,Celsa,ALO 12070 K,Parallel,4000,Kompensiert,L2,"0,11","-0,11","-0,17","-0,17","-0,18","-0,2","-0,58","401,91",1520
149,Celsa 2025 12 16 0812-Celsa-ALO 12070 K-4000A-0R0  | Parallel,mes_gesamt,Celsa,ALO 12070 K,Parallel,4000,Kompensiert,L3,"0,21","0,03","-0,04","-0,06","-0,06","-0,05","-0,03","401,91",1520
150,Celsa 2025 12 16 1020-Celsa-ALO 12070-4000A-0R0  | Parallel,mes_gesamt,Celsa,ALO 12070,Parallel,4000,Standard,L1,"0,22","-0,03","-0,12","-0,14","-0,2","-0,7","-3,21","71,51",1520
151,Celsa 2025 12 16 1020-Celsa-ALO 12070-4000A-0R0  | Parallel,mes_gesamt,Celsa,ALO 12070,Parallel,4000,Standard,L2,"0,14","-0,07","-0,12","-0,95","-2,03","-3,28","-5,86","71,51",1520
152,Celsa 2025 12 16 1020-Celsa-ALO 12070-4000A-0R0  | Parallel,mes_gesamt,Celsa,ALO 12070,Parallel,4000,Standard,L3,"0,11","-0,12","-0,16","-0,2","-0,36","-1,22","-3,84","71,51",1520
153,Celsa 2025 12 16 1140-Celsa-ALO 12070-4000A-0R0  | Dreieck,mes_gesamt,Celsa,ALO 12070,Dreieck,4000,Standard,L1,"0,25","-0,04","-0,12","-0,14","-0,16","-0,23","-1,49","71,51",1520
154,Celsa 2025 12 16 1140-Celsa-ALO 12070-4000A-0R0  | Dreieck,mes_gesamt,Celsa,ALO 12070,Dreieck,4000,Standard,L2,"0,15","-0,09","-0,13","-0,15","-0,14","-0,15","0,29","71,51",1520
155,Celsa 2025 12 16 1140-Celsa-ALO 12070-4000A-0R0  | Dreieck,mes_gesamt,Celsa,ALO 12070,Dreieck,4000,Standard,L3,"0,08","-0,11","-0,17","-0,19","-0,21","-0,3","-1,71","71,51",1520
156,Celsa 2025 12 16 1315-Celsa-ALO 12070 K-4000A-0R0  | Dreieck,mes_gesamt,Celsa,ALO 12070 K,Dreieck,4000,Kompensiert,L1,"0,42","0,12","0,05","0,04","0,04","0,06","0,08","401,91",1520
157,Celsa 2025 12 16 1315-Celsa-ALO 12070 K-4000A-0R0  | Dreieck,mes_gesamt,Celsa,ALO 12070 K,Dreieck,4000,Kompensiert,L2,"0,11","-0,07","-0,16","-0,19","-0,19","-0,2","-0,65","401,91",1520
158,Celsa 2025 12 16 1315-Celsa-ALO 12070 K-4000A-0R0  | Dreieck,mes_gesamt,Celsa,ALO 12070 K,Dreieck,4000,Kompensiert,L3,"0,27","0,04","-0,03","-0,07","-0,07","-0,07","-0,06","401,91",1520
